"Population","","Allele: frequency (count)","Genotype: frequency (count)","Genotypes"
"ALL;1000GENOMES:phase_3:ALL","","G: 0.972 (4870) A: 0.028 (138) ","G|G: 0.948 (2375) A|A: 0.004 (9) A|G: 0.048 (120) ",""
"AFR;1000GENOMES:phase_3:AFR","","G: 0.944 (1248) A: 0.056 (74) ","G|G: 0.894 (591) A|A: 0.006 (4) A|G: 0.100 (66) ",""
"  ACB;1000GENOMES:phase_3:ACB","","G: 0.948 (182) A: 0.052 (10) ","G|G: 0.906 (87) A|A: 0.010 (1) A|G: 0.083 (8) ",""
"  ASW;1000GENOMES:phase_3:ASW","","G: 0.967 (118) A: 0.033 (4) ","G|G: 0.934 (57) A|G: 0.066 (4) ",""
"  ESN;1000GENOMES:phase_3:ESN","","G: 0.980 (194) A: 0.020 (4) ","G|G: 0.960 (95) A|G: 0.040 (4) ",""
"  GWD;1000GENOMES:phase_3:GWD","","G: 0.929 (210) A: 0.071 (16) ","G|G: 0.867 (98) A|A: 0.009 (1) A|G: 0.124 (14) ",""
"  LWK;1000GENOMES:phase_3:LWK","","G: 0.929 (184) A: 0.071 (14) ","G|G: 0.869 (86) A|A: 0.010 (1) A|G: 0.121 (12) ",""
"  MSL;1000GENOMES:phase_3:MSL","","G: 0.941 (160) A: 0.059 (10) ","G|G: 0.882 (75) A|G: 0.118 (10) ",""
"  YRI;1000GENOMES:phase_3:YRI","","G: 0.926 (200) A: 0.074 (16) ","G|G: 0.861 (93) A|A: 0.009 (1) A|G: 0.130 (14) ",""
"AMR;1000GENOMES:phase_3:AMR","","G: 0.974 (676) A: 0.026 (18) ","G|G: 0.954 (331) A|A: 0.006 (2) A|G: 0.040 (14) ",""
"  CLM;1000GENOMES:phase_3:CLM","","G: 0.957 (180) A: 0.043 (8) ","G|G: 0.926 (87) A|A: 0.011 (1) A|G: 0.064 (6) ",""
"  MXL;1000GENOMES:phase_3:MXL","","G: 0.969 (124) A: 0.031 (4) ","G|G: 0.953 (61) A|A: 0.016 (1) A|G: 0.031 (2) ",""
"  PEL;1000GENOMES:phase_3:PEL","","G: 0.988 (168) A: 0.012 (2) ","G|G: 0.976 (83) A|G: 0.024 (2) ",""
"  PUR;1000GENOMES:phase_3:PUR","","G: 0.981 (204) A: 0.019 (4) ","G|G: 0.962 (100) A|G: 0.038 (4) ",""
"EAS;1000GENOMES:phase_3:EAS","","G: 0.997 (1005) A: 0.003 (3) ","G|G: 0.994 (501) A|G: 0.006 (3) ",""
"  CDX;1000GENOMES:phase_3:CDX","","G: 1.000 (186) ","G|G: 1.000 (93) ",""
"  CHB;1000GENOMES:phase_3:CHB","","G: 1.000 (206) ","G|G: 1.000 (103) ",""
"  CHS;1000GENOMES:phase_3:CHS","","G: 1.000 (210) ","G|G: 1.000 (105) ",""
"  JPT;1000GENOMES:phase_3:JPT","","G: 1.000 (208) ","G|G: 1.000 (104) ",""
"  KHV;1000GENOMES:phase_3:KHV","","G: 0.985 (195) A: 0.015 (3) ","G|G: 0.970 (96) A|G: 0.030 (3) ",""
"EUR;1000GENOMES:phase_3:EUR","","G: 0.971 (977) A: 0.029 (29) ","G|G: 0.948 (477) A|A: 0.006 (3) A|G: 0.046 (23) ",""
"  CEU;1000GENOMES:phase_3:CEU","","G: 0.970 (192) A: 0.030 (6) ","G|G: 0.939 (93) A|G: 0.061 (6) ",""
"  FIN;1000GENOMES:phase_3:FIN","","G: 1.000 (198) ","G|G: 1.000 (99) ",""
"  GBR;1000GENOMES:phase_3:GBR","","G: 0.951 (173) A: 0.049 (9) ","G|G: 0.901 (82) A|G: 0.099 (9) ",""
"  IBS;1000GENOMES:phase_3:IBS","","G: 0.963 (206) A: 0.037 (8) ","G|G: 0.935 (100) A|A: 0.009 (1) A|G: 0.056 (6) ",""
"  TSI;1000GENOMES:phase_3:TSI","","G: 0.972 (208) A: 0.028 (6) ","G|G: 0.963 (103) A|A: 0.019 (2) A|G: 0.019 (2) ",""
"SAS;1000GENOMES:phase_3:SAS","","G: 0.986 (964) A: 0.014 (14) ","G|G: 0.971 (475) A|G: 0.029 (14) ",""
"  BEB;1000GENOMES:phase_3:BEB","","G: 0.983 (169) A: 0.017 (3) ","G|G: 0.965 (83) A|G: 0.035 (3) ",""
"  GIH;1000GENOMES:phase_3:GIH","","G: 0.981 (202) A: 0.019 (4) ","G|G: 0.961 (99) A|G: 0.039 (4) ",""
"  ITU;1000GENOMES:phase_3:ITU","","G: 0.985 (201) A: 0.015 (3) ","G|G: 0.971 (99) A|G: 0.029 (3) ",""
"  PJL;1000GENOMES:phase_3:PJL","","G: 0.990 (190) A: 0.010 (2) ","G|G: 0.979 (94) A|G: 0.021 (2) ",""
"  STU;1000GENOMES:phase_3:STU","","G: 0.990 (202) A: 0.010 (2) ","G|G: 0.980 (100) A|G: 0.020 (2) ",""
